Timestamp,Hip Flexion Angle (°),Knee Flexion Angle Left (°),Knee Flexion Angle Right (°),Leg Used,Phase Label,Hold Duration (s),Reps
"00:01","","","","","Selected left Leg","","1"
"00:01","","","","","Hold Began","","1"
"00:02","","","","","Holding","","1"
"00:02","","","","","Selected right Leg","","1"
"00:03","","","","","Hold Began","","1"
"00:04","","","","","Holding","","1"
"00:04","","","","","Hold Ended","","1"
"00:02","","","","","Hold Ended","","1"
"00:05","","","","","Selected left Leg","","2"
"00:05","","","","","Hold Began","","3"
"00:05","","","","","Holding","","3"
"00:06","","","","","Hold Ended","","3"
