Timestamp,Sample Index,AX,AY,AZ,GX,GY,GZ,MX,MY,MZ
1748948055.0571845,175,7.9145536736535105,-4.376153415359545,5.084359792598464,-31.539535839107906,7.298408633360497,-52.73450141984995,0.40820694716775174,0.5115760551377665,0.11961807064940455
1748948055.1615405,176,7.671616210308207,-6.320803805576471,5.610192426404093,-105.51956790449056,28.22833018899804,-20.562406231473016,0.8923191327252256,0.5780556255690428,0.29648694055666713
1748948055.2644238,177,7.7387556050664355,-4.783441710763034,2.7495855048771207,73.8644156047179,14.632796757363705,-41.62007901069195,-1.9688413922708956,-1.4560654267215485,-1.2402107994889224
1748948055.3694477,178,7.191644744936943,-1.7272633747218449,6.446939074496634,33.69942915480747,103.2718034007667,13.077566828694582,-2.9739263287548203,-3.2003979453906966,-3.0446417286822482
1748948055.4755266,179,6.233983772026763,0.44859948886621465,7.034732463700817,4.5842330201559855,12.207967393937608,-6.593845584247237,1.5401744795198313,1.789454285464633,1.668568940405494
1748948055.577391,180,5.958825584164325,0.45246698546276,7.919226217535757,-30.956105679959276,20.64332986408197,4.1827078267174755,-1.0063091424409025,-1.9254694723620371,-1.0617297261766472
1748948055.6807976,181,5.292813828633061,-1.168474398648665,7.591658492206977,-29.59456363981582,3.889316650194831,7.361698076867976,-2.207674463723374,-2.819252286922558,-2.1306460048369913
1748948055.7816787,182,5.540007136295592,-2.2737900376516738,7.316360246979624,6.669262305191168,-31.238217177272308,22.859440573732947,-4.613517159255398,-4.543687992191785,-4.410459043357798
1748948055.8941925,183,7.220931863793625,-2.4564966565990556,6.100716542426264,-46.824346416319344,-10.958968030584222,15.736978977990436,0.6527136948671168,1.1352236893797936,1.489139087988931
1748948056.0014098,184,6.242723853332165,-4.2552959987141294,5.951159557795082,-36.169020981746314,-21.90354566068245,14.965262742985155,-1.8735407682933363,-1.1389463994527922,-1.2945794241054038
1748948056.1108267,185,6.694638648888075,-6.606427794756239,6.11804978277916,25.66600164478187,-39.25678561169336,42.38643748581081,4.043746671922823,4.382695022720644,4.573569388319686
1748948056.2183924,186,6.018295202515947,-5.522960639168255,4.998450398139295,-12.274305956110979,4.515718709338543,58.15402524272014,2.6704759877144064,3.1215190144824447,3.2501200035169164
1748948056.3261256,187,7.338696911554308,-2.10788212461702,7.215941854644594,132.248259825777,-47.10393733724684,15.770730832827812,-4.457738403843559,-4.232590207210594,-4.500178078300885
1748948056.4276829,188,3.2766803790790617,-8.823303829474456,6.2858015446289635,-208.70542796084996,115.33623046770671,38.83121689716094,3.1241972902662107,2.849936023280475,2.6036381589893853
1748948056.5336947,189,3.4872800578630163,-7.268841885071955,-2.4635590808419274,-22.007713743775657,-18.49231480671307,-12.763584315009073,-1.1981713529227638,-1.1717125861824078,-2.00502143457378
1748948056.6423204,190,2.616433585729075,-8.06328535812703,1.5440969149341175,-4.547633366524067,17.974010405216376,8.762443722370946,0.057633322837358614,0.2532129586300062,0.4139960941359266
1748948056.747658,191,3.688886248760042,-8.932438847525205,2.3410684288105372,22.200668817830536,-3.5234697868424543,-4.487598387910343,-1.744675852098025,-0.881867338139215,-1.028971471963653
1748948056.8603861,192,3.4745355713845614,-6.073691686711356,4.597076555344533,121.09931795879065,3.1908623683340998,-30.488024704203475,-0.0025904993566284173,-0.2759964791287735,0.569813654848585
1748948056.966659,193,4.545326342689277,-6.464600520869033,2.5548523377438594,-21.39644939202206,12.620493248820463,-28.55448331963464,-0.03589534251681639,-0.08306225685384097,0.22343128432934498
1748948057.0803037,194,5.633197566922387,-7.262146380534343,4.705095500115967,-15.970266940936027,-23.487809864834542,-32.57026578372822,3.0243216839908564,3.861636257495979,3.36871597630294
1748948057.1810057,195,6.699146969111096,-6.395895838073908,5.651020924096402,-11.431453183682361,3.7352823452746184,-38.12253242861835,0.23659575986110198,-0.3878970265564268,0.5475565233718422
1748948057.2919507,196,6.626095991717594,-5.499869303471902,4.738200772943872,4.365398049140725,13.493245940226519,-22.943068645074582,-2.0894528805109505,-2.451623603241228,-1.957811971779712
1748948057.410204,197,7.999848071637384,-5.145838920773607,5.33526392902749,12.829748593497968,16.446815912687367,-33.515176414475775,4.383408470960213,4.300036054428791,4.554357020253457
1748948057.5127337,198,6.98315676807098,-2.337581605835024,6.501034693793674,48.786136687334725,18.358513750912355,-19.60174063974898,2.2710545788278975,1.6126902755172638,1.471237780587288
1748948057.6286132,199,7.192591264365916,-3.11736335510468,8.4016830306988,67.32307243967134,25.888572646404068,6.28384129887187,4.214031711388676,3.812103199123363,4.136527781330995
1748948057.7428386,200,3.706078770867842,2.757667370367967,5.221499864056383,22.831654237501223,11.680178246971536,12.571137851486746,2.500233408434782,2.7946443402422085,2.3903716064761458
1748948057.8498604,201,4.863087844893685,3.3366963446104663,8.15515017838202,44.93958861806654,-10.602691478885795,35.610593676893856,-4.45117841229307,-4.331736500838106,-4.390343350725637
1748948057.9529681,202,4.739741838815197,-4.520611286813097,13.012583672370157,-76.17048764837648,108.4345876853299,-5.819134190947919,-3.989104432619105,-3.8111189671557018,-4.290787059003064
1748948058.0551522,203,3.684964483190092,-3.8794274249860736,8.629351037178905,-103.17059136326883,52.35529007544992,6.860206906719109,3.4179654739036502,2.9765926862611183,2.9756424021782992
1748948058.1577513,204,5.235289455126734,-5.017936758164455,7.342081762630613,-1.1565705787087128,-17.228202346583405,-1.954697267252892,4.827091854448231,3.9708142433622586,4.476140132282901
1748948058.2592096,205,4.417851491007991,-4.903381317607468,7.83534534688422,7.196107096784314,-1.557949026216415,0.6442288607636177,4.0500424657169996,4.135563153852978,4.193928489300932
1748948058.3610113,206,3.2769496961847135,-6.050043027821552,8.046631774177936,-50.16998320621818,12.876704026876007,-174.7505178095084,3.52963449895566,3.8416765035664935,3.741640810543233
1748948058.475524,207,5.339115552564453,-1.3929196495831069,8.525787241090526,31.569010112438765,-3.0657374537940445,-25.316501176675303,-0.9868722623985707,-1.2700702849952044,-0.7716995826971327
1748948058.5872414,208,5.129341736899772,-1.822854524178366,7.746671336633611,-2.8392690439795087,-4.789095998371273,1.411136207958934,3.2908609415426864,2.9730906790051486,2.834967431318734
1748948058.6937845,209,5.021446449420876,-3.9367302292304087,7.698890270598737,-12.634316925576622,-1.4182163626466706,1.7431566216530245,1.417251639912744,1.1783776751486632,1.2214132639138024
1748948058.8022418,210,5.6697560702868,-2.356371813313373,7.713835339886301,-32.854659553224366,2.2527751249672354,-7.36029987888449,0.8791476763008691,0.809687507512979,1.0257002945069178
1748948058.908344,211,5.457517245973813,-3.60751792824538,6.80315054795672,3.8938845882811215,-32.707600356198654,0.8700907566576823,0.12418098650261644,0.30631109058804173,0.4043264396697839
1748948059.0097396,212,6.567989413948105,-3.2013096254735767,6.37611345695312,-1.812534232079356,-67.21909651855884,1.4570780180072247,0.359116771009537,0.5197878327719372,0.29995149116855957
1748948059.1149185,213,8.021956583111283,-3.3165181348467856,4.670297454832075,0.6958929821218224,-71.04513097594602,5.978030538564769,-1.2422970267530196,-1.0939152000949575,-1.2557443898091307
1748948059.2264018,214,9.804595037945598,-3.428837325337619,2.8802920113079593,-38.74410924002079,-19.366498656566176,0.10012551141893306,2.160851245455271,2.430558269023232,2.7168184662098884
1748948059.3411067,215,8.96389051721022,-3.6551923506630026,1.1694902461246177,-28.14491346728914,-35.59459758593314,4.979361550297465,-4.475738276903015,-4.5317672499488975,-3.7944358588871347
1748948059.4501305,216,9.458029307478379,-3.38991223862397,0.7749429227345934,-18.11591154156078,-30.878006764345646,-2.73467678449107,0.9309982476491785,0.13568021584047824,0.4617079023589162
1748948059.5597486,217,9.091304448336345,-4.299936095356287,0.7010925448162161,-3.4398523383503172,-19.70604757936485,1.1673265734268288,2.5133259059761204,2.5681564114257744,2.456698572189008
1748948059.6631324,218,8.277389359571183,-3.454038909739431,-1.4547275118255807,-6.293312245194028,-2.439963307690122,0.31920704780741416,4.052936336709373,5.0050630468672175,4.107894941864631
1748948059.7753034,219,9.626980803585106,-3.5156857643333908,-1.6313107831113367,-15.651571515667085,1.0108948557976918,-2.6989152688883786,-4.204417152639734,-3.99240775771569,-4.0299409673610995
1748948059.8791475,220,9.178595700552405,-3.5791740039147855,-1.0300159793401868,-71.168524371084,-15.660289837734242,-13.135158875490136,-1.3821382142667207,-1.1721357971769204,-1.4899142111680783
1748948059.9807365,221,9.201159601135904,-3.373894904533743,-1.4022687996683278,24.377117157087834,-8.605800247108496,-2.017205882257249,-1.6644253720027544,-1.423578187808229,-1.3969985406832026
1748948060.0867014,222,9.182455629225633,-3.635968204396461,-1.7223931395462753,47.94646998067092,-11.566640540305997,-5.985390697845493,1.1580420629963553,1.1434657463214108,1.5398391402437803
1748948060.1874893,223,8.719659687408644,-3.075124568018492,-1.6703738229143124,-66.55168803893606,29.193601159415323,-8.996550730806929,2.1644652955347263,2.9008691674070652,2.325738454874742
1748948060.2891185,224,9.640096221272277,-0.8023543228513753,-1.6430052907932877,19.879551159756726,-109.11502652964658,32.430990856707055,-4.513934980313006,-4.000572987940699,-4.638709844030426
1748948060.3981745,225,4.732111205850989,-1.4133584471468013,2.0869122449369724,25.31845384225785,5.989693806253178,21.025255870642347,4.855999345707719,4.629094082509175,4.426441546664988
1748948060.5017993,226,8.402391369343576,-4.506813820699258,1.0242453208292894,-88.2255537624799,37.44176206930046,-8.358124114040708,3.5054932327496644,3.1464006373883255,3.4025453801830037
1748948060.6045547,227,9.916337382012479,0.016825880382559277,1.0569483386932976,96.08219441723072,12.048509458668788,-208.79294520535854,0.9150118587303672,0.860435647241678,0.8278321653316177
1748948060.7095912,228,10.123413014377897,0.8721850858021709,1.0397853082485982,27.644126418158017,-24.871561656585783,-4.198353321110287,3.8554758981583492,4.209399517303736,3.7289424604562376
1748948060.8248913,229,9.401816562943068,-1.7502721798109875,-0.9294924894754802,-41.920076838045425,3.09400026717301,-0.24702986551072642,1.4441376409472162,1.8117763630314465,1.4950717074300641
1748948060.9263656,230,9.315044467250196,1.1042030602543693,1.1405961736873909,1.8997298436002086,-5.472871191099432,2.399755301794596,1.8113442266848523,2.1965141781302493,1.7641158536318862
1748948061.0360074,231,9.328795252338734,0.4898265657296558,1.1713187228530235,4.932564139771989,0.7125887461158381,1.6188533575554127,3.884241461700385,4.245047647793682,4.000263824760699
1748948061.1475253,232,9.509670392916501,0.5292360277741501,-0.9709827667534415,-12.71754335740142,2.2204661153856127,-1.5934155275973447,2.867234249796058,2.688254209109614,2.662406737214694
1748948061.2537074,233,9.427112096140926,1.1922867944101927,0.6523510136329946,9.480776271997836,1.8542310712749615,-1.3208916847887258,3.7909355200642123,4.08178994106966,4.1555700042839305
1748948061.3614798,234,9.403089076314265,0.6411557479069203,1.1434474090302456,8.910859740602815,-3.798484313750624,0.9018268473877122,0.3101585253842618,0.9585289340946046,0.26430731344003044
1748948061.4651659,235,9.965686563960261,0.3479708496948998,-1.013398212640567,3.8337525990514814,0.844880610261225,0.35596066535686877,2.7973443550576036,2.815461253640781,2.654660550785542
1748948061.5715787,236,9.632196136541586,1.2029749836739334,-0.9210243155889387,37.079716034386706,-12.955222932539318,-2.0594964250559347,4.531085458007287,3.86072311199443,3.76389095321601
1748948061.6767507,237,10.050420641535768,1.1943461168434881,-1.3075507235453343,-29.060382579568792,6.021105191115665,1.7158006903022778,-2.9617517077505253,-2.1693948211184244,-2.342446414532655
1748948061.782154,238,9.703444381396862,0.3601507288418777,-1.4685168451189372,-1.7280258351016213,1.445863379121651,0.5132583729275548,-3.080541186619742,-3.301457651822556,-3.3518227185554075
1748948061.8929996,239,9.447681559721762,0.0669712973638944,-1.0024706559563858,5.495627669504454,0.061455165871742656,2.478998300836749,-3.759636612701064,-3.739579253840149,-3.0540873343292017
1748948061.9960115,240,9.688232309052328,0.8274315248347582,-0.9674660674391076,-3.1162742820959752,1.5422755952424492,0.2655854960586647,3.635980378971011,4.185147373053756,3.766264516551932
1748948062.108927,241,10.165949695731053,1.101494217672986,-1.499356534365956,-4.09728407801823,0.4436072240714348,0.259108268899513,-4.611198131916569,-3.9193558887767357,-3.9376475006128375
1748948062.218939,242,9.779407311588324,0.31008326540521636,-1.5867364252518952,-8.9053280457256,2.4880696701817273,-2.0048058581498505,-4.870736178771127,-4.69700161998126,-4.090113152917242
1748948062.3273256,243,9.70867900863246,0.8476299789680055,-1.7109126409230895,1.4935184041754832,-1.3851185930552914,1.0614507827407231,-4.825700607084058,-3.960438919542369,-4.919276979878348
1748948062.4341102,244,9.71205014950376,0.41071685281863735,-1.644978837291966,6.6163635317668135,0.5841978691704244,0.14460897791941466,-4.604819757939347,-4.486720655479766,-4.0617905878072875
1748948062.5380905,245,10.114221034035104,0.8952228186340915,-1.3769578418753976,2.969376588003564,-2.1394528091464515,1.5877546721635754,-4.64167950169289,-4.391217250514662,-4.380387480420039
1748948062.6410358,246,10.08603993094304,0.6474376976932829,-1.5636009215450606,-3.4439609072270647,1.8964825130801823,0.5668467296399117,-5.033455182601414,-4.242563857426996,-4.867073367494563
1748948062.7471414,247,9.33455621264002,0.28159450258630625,-0.9891688039101293,-2.7541803315347964,0.2577006433719552,0.14841122456199457,-4.67486016680005,-4.618806554453652,-4.337939453980482
1748948062.8548853,248,10.163561974411719,0.9306228466919338,-0.8369354441895477,2.7740318755058047,0.015162235926288292,1.17463568337099,-3.047667432169471,-2.9982197361057707,-2.90153133573445
1748948062.9655766,249,9.886524808842752,0.20378502849348867,-1.7079504769634588,22.19233270433276,-3.5217718691098368,1.4318948465946368,-2.3806720512953605,-2.3351563214352815,-2.9321925734848704
1748948063.0752537,250,9.510279171929122,0.3901656187768633,-1.2487624872756307,-10.549214591813861,4.224492870376147,0.41914996632780044,-3.391983300880432,-2.9487415198642952,-3.4119988540477255
1748948063.1905777,251,10.144521162407779,0.8358214249803851,-1.1528143072016044,28.828092372164665,-6.800264395453627,-0.05684537995203065,-4.177725616372964,-3.850677325431352,-4.407435785477445
1748948063.3030334,252,9.138614601389804,1.0051688761258761,-1.7146752929704194,11.505777667424441,-3.119602133354255,0.6259464212874316,-2.3191993829986415,-2.3477480868875475,-1.7284731908119706
1748948063.404619,253,9.782542006211603,0.607776964965771,-1.502942771938383,-7.948331031801573,1.955821814508037,0.461584324943198,-1.5444808493726354,-1.1962518469889034,-0.7245897433252302
1748948063.510359,254,9.622885013151091,0.8180584685088528,-1.298984693594917,2.531181059889338,0.884937061954817,-0.13544166387215067,-1.8637978286737042,-1.5759221608103866,-1.6889792451629018
1748948063.6223824,255,9.303894443549671,-1.7897077011552618,-1.9188650540122916,-13.046901732360606,2.7604820151809477,-0.8233844525490902,-1.9575334398908892,-1.991002099114422,-1.4926945934296314
1748948063.7327387,256,10.020070636265988,1.0701843740491204,-0.7955562615097144,15.018872261251298,-2.5414446532899255,2.4848083011181963,-3.037271705404655,-3.04736875414957,-2.8499379937054585
1748948063.8402774,257,9.3529251561867,0.26662059683804806,-1.2487720863415346,12.170431311597879,-3.8096775951762947,0.28300787256875476,-1.8001738850126312,-1.9587579083954765,-2.3198556471341107
1748948063.9418938,258,9.32976587336815,-1.7682920094278605,-1.0391259368103245,-33.44880813985,7.119401384023159,-1.095359130092064,-2.946411350824924,-2.6600955754683224,-2.373540267083854
1748948064.0442579,259,9.935347330230183,0.6376000240351724,-1.18500531058194,1.4773083480498583,0.930247994889998,2.0081256548138073,-3.928726120644426,-3.723809163313969,-3.460426671000807
1748948064.1491492,260,10.131988920254079,0.7752501489722576,-1.427696954354627,29.537728008628626,-4.270809431683605,1.312681318745328,-4.086357338284098,-4.231731941185283,-4.170778462899775
1748948064.2641757,261,9.839979680753064,0.43934436457641757,-2.068161783845681,16.1827587678939,-3.671625568338038,0.16292019003647756,-4.131499973117617,-3.882681158587538,-4.36024930312589
1748948064.376068,262,10.890684052123294,-1.36786514722341,-1.0915513444417986,-46.035622514809,13.21723258008483,4.476064933273507,-3.9385083552156788,-3.9961916973981837,-3.549999055063053
1748948064.481468,263,9.872585233803793,-1.2245886933842525,-1.0746351981553481,-0.8500207078217445,-3.510720315696907,1.7480886370161275,-3.6842077069566783,-4.036713663596813,-3.151058252834463
1748948064.5854297,264,9.504579239426286,-0.9935606770944714,-0.9554856211559184,25.489345436621175,-3.495518987386662,2.5279242457422995,-4.412337885305712,-4.112403988016842,-4.100407658823155
1748948064.6937468,265,9.5454685748614,0.8658361567523224,-1.849713764811261,20.732098514739477,-2.7623388878586925,0.28173829284816,-2.4705613147758037,-1.8462951954318858,-2.3042369824099587
1748948064.801871,266,9.130238399437678,-1.6448240011707647,-1.625871775448192,-36.64562501379169,7.5550106373626775,-3.318979838481539,-3.6265797958250774,-3.5318191863695176,-3.7357975946539836
1748948064.9049435,267,9.826601992557375,-0.8388309839839981,-1.1911795863824395,-15.494542654796838,3.3048009086064885,0.528959253012403,-4.108110185198787,-4.186845381331168,-3.8658560704919136
1748948065.0071857,268,9.916972631167424,1.291091233409618,-1.241203006209675,8.244184900011987,-2.4829598969926963,1.710984428155705,-4.76844494627377,-4.5528084229407995,-4.800492986638378
1748948065.1094773,269,9.380723555453732,1.3655819232111295,-1.6869781629842253,1.4146771740928754,-1.3262736778355804,0.40729321024891685,-3.099901745527493,-3.448746739958716,-3.5644205513661364
1748948065.2113805,270,9.369294204943264,0.8171407543804737,-1.2863158572841789,4.356892020534163,0.17241435419070064,0.7960491328869143,-3.93425760967618,-3.967686797360903,-4.560015759743698
1748948065.3200855,271,9.528537029945026,1.391528317457187,-1.7516502257771644,2.1354217530252497,-1.670949170538949,0.7092220144216097,-3.6445824520556886,-2.7327404798786072,-3.137573116632158
1748948065.4278479,272,9.454931627731648,0.4465854746173977,-1.9530886137461398,-9.305848488157554,2.7134406234291406,-0.22349786959069184,-3.1301324260144336,-2.3166063456469663,-2.618896251591738
1748948065.5302064,273,9.843946001011172,0.4430747279833742,-1.9097030630139753,-3.8013650044194534,0.3987425089249657,-0.7960109201916008,-4.3408068163509945,-4.153040371703678,-4.587453004592431
1748948065.639528,274,10.06105967418097,0.8854238109180449,-1.783962026365708,50.6268667883396,-11.428836516246015,2.9330718691298103,-3.121789817141392,-3.2648462157507017,-3.502873853423625
1748948065.7520103,275,9.512338967011567,-1.574663591069232,-2.0588472136471667,0.9633740266106303,0.45831707266617316,4.492724636899911,-2.0026160286949155,-2.640371862620963,-2.4799989904785256
1748948065.8593845,276,9.02793360664101,-1.151272784193229,-1.2276666779149732,15.286955696746576,-1.1689160073980425,7.432656524747115,-3.7197173028379242,-3.9302869275193757,-3.6992783926003545
1748948065.963865,277,9.56075664638186,-1.8649579536456296,-0.7583051763529188,-25.380788410518583,9.010553564711284,-1.6247922573452938,2.831957049981421,3.5243526223403876,3.322597943352789
1748948066.0718966,278,9.56581024805745,-1.4920502674430507,-1.550692347639759,7.7677537317745475,-5.51792386574451,-3.4001465604003576,2.666965832732333,2.818539005639696,2.3708013789455
1748948066.1833699,279,9.864890370638758,-0.917463140019844,-1.7500126672301746,-22.89090140369206,2.3587526062263526,-4.434148354306927,-4.285371284887321,-4.318202840266787,-5.089777290746069
1748948066.286947,280,9.664379974918521,0.20941121535264995,-1.5316564492345506,-34.357811000404624,1.72413099089969,13.347184563917146,-4.692797527246339,-4.466031860688553,-4.088792673399043
1748948066.3926325,281,9.745354130527415,0.6822504928254199,-1.707843433426641,18.980490352628202,-0.813462920144923,-1.3847362809870303,-5.023773757203718,-4.5490333270502,-4.043346310666904
1748948066.499552,282,9.29716872046238,0.6817230136595949,-1.8114709246649698,-17.652712111847492,1.8500084949424465,0.5024678066946974,-2.3731734667507016,-2.65968691467887,-2.6763926112348946
1748948066.6088102,283,9.9158224306805,0.8514782873960046,-1.4030251371672113,24.569975252792442,-1.2054660959562655,3.388564099700711,-2.5819987864554776,-2.3138233081795008,-1.9565201090452171
1748948066.7097142,284,10.031806621522495,-1.857996222206042,-1.9227043418488468,-25.62702969562688,3.6945722692242815,-2.583863043356681,-3.4825804984616218,-4.139871990024204,-4.124692413331001
1748948066.8159428,285,9.300267441272078,-1.6667078648527975,-1.1668001465934164,4.45079800862609,0.8270077694937058,0.26054122164956106,-3.3222236187157503,-3.3827398550038623,-3.6949954187826717
1748948066.9259188,286,9.312909052697297,0.7225450048734796,-1.7273863791096566,4.1267652342864185,-1.8873113810679953,2.757677345534101,-3.7159844427081197,-3.5807029314548284,-4.126072821653451
1748948067.0387654,287,9.138071907848483,-1.180951934111335,-2.2273179540413928,10.346529540208103,2.789678996541674,5.345285569759585,4.306998225380927,4.44574840209981,4.02908722421404
1748948067.1465366,288,9.50569678135084,-1.2140595372975138,-1.352274160381847,4.582997135262838,1.3635359958877655,6.506668125652623,2.9349006550253476,2.4054099537976414,2.71130977561332
1748948067.257671,289,9.339664848283498,-1.9376036906291918,-1.3142992824598125,6.878653030917487,-0.024731390235084805,7.839414472416516,-1.2011227509520899,-1.5962356438127536,-0.8587358616336476
1748948067.3649414,290,9.393495192962009,-1.7783148049016944,-1.7598220765928265,4.684721159728414,1.630128447652475,6.217092553854987,-2.2729541339683963,-1.7938706826236914,-2.080312578662126
1748948067.4748323,291,9.513108383302585,-2.1650351199429068,-1.0889312113207588,-1.2880260457116057,0.5638693576761717,4.297402102371382,-3.9727204923888166,-4.18859363313439,-3.993752716950932
1748948067.5819452,292,9.679711856289336,-2.3984061182884657,-0.9897625190996481,9.245347143834248,-1.6543815500544108,9.135214799431889,-3.4621689228401626,-3.2769830832779814,-3.6418589073147336
1748948067.683939,293,8.830512397018337,-3.1345129826995426,-1.0690122320709743,-3.128898621040178,-2.6316950452807606,-0.2350818643855105,-2.865931931749418,-3.33060690476139,-2.830410811794014
1748948067.7909546,294,9.186191848808853,-2.6627488553663814,-1.4782756167864437,-38.7640707217235,3.9208202356685558,3.541655605696741,-3.4800248116892956,-3.0751779153249594,-3.119907372823539
1748948067.8926868,295,8.776995423766211,-3.110585100279818,-1.7660858716185075,7.8161545080042805,-3.2001583793099573,0.3240443920459777,-3.5442244609278886,-3.5262337635410037,-3.5312901747379044
1748948068.009466,296,9.071336007093125,-2.2854445170290596,-3.0883054104842094,-2.9636313659168514,0.8310581475899033,-2.2048550626518573,-3.108184792076341,-2.799074232295764,-2.291220858278037
1748948068.1136885,297,9.17936990504662,-2.7367523929428836,-1.6832384052916851,-7.325730592733045,1.43337840454035,-2.8569725538444777,-3.7247024112680522,-3.4956593669867853,-3.1814863377158114
1748948068.214768,298,9.515800228858957,-1.8749645731551512,-1.6850958550231572,-8.589662372548862,1.0119865348759425,0.3095428478016319,-2.164116472824136,-1.817856138193406,-2.095331409547784
1748948068.3231025,299,8.974227849252793,-2.6058244653716716,-1.4007049529067017,8.218337017266153,1.1124076384621973,2.314784466173115,-2.8693562929453655,-2.659060396662487,-2.4125922500294044
1748948068.4292324,300,9.57523813572284,-2.848891762899161,-1.6195865835764152,35.696902090424636,-7.3793557649838375,2.916169584160523,-2.9716864381450727,-3.0885859414132093,-3.4693990450094896
1748948068.5311055,301,9.728297651855895,-2.3862169762853687,-2.1398386106242056,0.7587862826981338,0.06418501995205259,-0.12830383224461567,-2.2976828685439257,-2.1342114253795974,-1.9636538790219702
1748948068.6428108,302,9.298521357274566,-2.0604587532502854,-1.6723860123457281,-4.654467984010413,0.6344031395201342,-2.1854864078997434,-1.7872572139395173,-2.6343875353075386,-1.9410430199027193
1748948068.743743,303,9.479374256878117,-2.199458870873691,-1.9440865275263284,0.7757093579447696,0.6759331880000621,1.288538360007021,-2.351082903647513,-1.8900360083220558,-2.3151205800325805
1748948068.8534625,304,9.06635626572294,-1.9055156479713449,-2.0129494845954103,9.937637916813117,-1.2728562380390787,1.5438195134077284,-3.7062372949446134,-3.2905455838528876,-2.9550871818337003
1748948068.9607494,305,9.555381174584763,-2.6870129701970624,-1.6051346283045294,5.256583112410932,-2.8375707531699925,0.46487175888810817,4.1491523960452135,4.185479451457636,3.991416889158694
1748948069.063521,306,9.140083201267394,-2.6931966244220003,-1.2100685446559503,-3.934261464400704,1.847176642366743,0.08894058304512253,-3.0945908007547116,-3.5680431386211766,-3.0604913972903485
1748948069.173324,307,8.961224147725856,-2.1383254734574844,-2.1119858637701867,-7.401169661998923,2.282855245582465,0.5184562853475025,-4.737200425263377,-4.649596675381145,-4.911560250179513
1748948069.2815342,308,9.109929393719502,-2.356967727089987,-1.8025546818579472,4.26664771304539,0.2909836335068046,0.15928341436725593,4.245753321929227,4.24487882908291,4.503892731149054
1748948069.386817,309,8.896642897731551,-2.6757006503177765,-1.8514756353214472,15.402710669120752,-5.497265024790216,0.9003605276230154,-3.209604583928446,-3.986998317744698,-4.1413052419100875
1748948069.4949253,310,9.639057389913223,-2.9801905528611807,-2.140320409520058,1.8146360310118954,0.1980882705876884,-0.012557102506339346,-3.889561974680986,-3.289825905476553,-3.2196237617305385
1748948069.596702,311,8.730612866529892,-2.7355305883157253,-1.338746798925276,19.697583727947855,-1.5596775440975417,3.711979461995071,-3.2393254243704925,-3.494615745937091,-3.837384287048828
1748948069.7046194,312,9.71253547867406,-3.5635469809312896,-1.189081060800524,-2.8457301426333514,-4.090106797713449,0.9731592682116634,0.21856858787843322,-0.3259176910041315,0.5196001863445523
1748948069.8154955,313,9.353035514904757,-2.981848179953599,-1.3399831241918667,13.246206564537756,-4.673808490471179,-0.7676805320870123,0.18726899390895482,-0.22744634131163108,-0.2547359102627891
1748948069.9253275,314,8.069249984958121,-7.5161266771727915,4.550897597289911,73.64416175775024,-28.99306939286569,-133.90450638565315,1.934566267275669,2.4585975484444527,2.2336155877779715
1748948070.032859,315,8.987275742963288,-0.11850055097681575,-1.9153543020647077,92.72685135408052,-25.990364663913898,-17.634012089213098,-1.3472970326904097,-1.4903682951708306,-1.808738500251198
1748948070.1427982,316,5.212716731933071,2.7639152634937725,-4.541777719996417,-286.2329122354001,46.2154653557751,32.3467883253197,-2.936135288831015,-2.597993932627206,-2.5442255368684465
1748948070.2493758,317,15.685828397303036,-10.939747071019575,-19.19904267523531,171.36889374564424,206.59315788520826,-80.39956639267157,3.90908392214503,3.802142401999583,4.560426667772134
1748948070.3594477,318,11.875758025345213,-0.046425723531268726,-4.196025604722746,62.16201754583645,-28.699163316225427,-32.24297964438628,2.568346070514978,2.528533172158356,3.2047174784353762
1748948070.4638982,319,8.950865208921632,0.10408235762637796,-3.930596210421982,157.64503549758842,-17.79265243812967,38.05345038021099,4.408340999610936,4.131173886719024,4.902126247863756
1748948070.566199,320,8.385451868368289,-3.279533307076772,0.335573792220072,112.37367715089708,46.666554726472974,50.076528281355344,0.04300040884616249,2.0254199011558853,2.089884380980113
1748948070.6759045,321,13.110874138713244,4.233572338083695,-2.040125500260417,139.29603042509214,-45.397006030784055,-65.77838841098081,4.055262514165755,3.750964815003503,3.790498825511725
1748948070.7804995,322,9.931703553969378,-2.7999175246468067,0.2519015060998655,16.70515853036488,-88.21698630076983,35.441607448254274,0.25303114228600826,0.29370170461612627,0.11769871047832198
1748948070.893016,323,3.640375096681704,-2.6245315455471143,-8.273818199111153,-208.77674030077068,-286.74797322141393,10.977389374947228,-3.940683481169712,-3.6180832957860147,-3.566987838603233
1748948070.999235,324,0.2126904119146279,0.6227659242696577,-14.033628407357677,16.71579226410539,-145.8395353746532,-86.68641589480511,-4.431261087159899,-3.993475534104262,-4.475058066178972
1748948071.104685,325,-2.474169599887108,-1.9715366118307407,-9.425986747937804,2.4111504855828745,-66.98608340732565,-14.163215405843154,-1.237354207545133,-1.1723009291835866,-1.9919874468604575
1748948071.2089326,326,-2.725478832507674,4.026145329605628,-9.20889219840188,-81.51307255650909,23.351070968947514,-45.703179070613025,4.176536419682449,4.013118422159678,4.037995830151852
1748948071.3140836,327,-5.309332674893025,1.167826949464886,-10.093740299944445,8.244789502961382,74.63418734617167,-20.82447655079616,-1.868142469469312,-1.522506093540427,-1.3730482928964873
1748948071.4244728,328,-4.1698201762813145,-1.6236045502493348,-9.139440513738439,-147.7687340621249,-52.61184616869977,-99.01345501585195,0.9387494163041755,0.413573689673422,0.7567119520165413