Timestamp,Knee Angle Left (°),Knee Angle Right (°),Leg Used,Phase Label,Rep Count
"00:01","","","","Selected left Leg","1"
"00:01","","","","Rep Began","1"
"00:01","","","","Max Knee Flexion","1"
"00:02","","","","Rep Ended","1"
"00:02","","","","Selected right Leg","1"
"00:02","","","","Rep Began","1"
"00:03","","","","Max Knee Flexion","2"
"00:03","","","","Rep Ended","2"
"00:04","","","","Selected left Leg","3"
"00:04","","","","Rep Began","3"
"00:05","","","","Max Knee Flexion","3"
"00:05","","","","Rep Ended","3"
"00:05","","","","Selected right Leg","3"
"00:06","","","","Rep Began","4"
"00:06","","","","Max Knee Flexion","4"
"00:06","","","","Rep Ended","4"
