Timestamp,Knee Angle Left (°),Knee Angle Right (°),Leg Used,Phase Label,Rep Count
"00:01","","","","Selected left Leg","1"
"00:01","","","","Rep Began","1"
"00:03","","","","Rep Ended","1"
"00:03","","","","Selected right Leg","1"
"00:04","","","","Rep Began","2"
"00:02","","","","Max Knee Flexion","1"
"00:05","","","","Max Knee Flexion","2"
"00:02","","","","Max Knee Extension","1"
"00:05","","","","Max Knee Extension","2"
"00:06","","","","Rep Ended","2"
"00:06","","","","Selected left Leg","2"
"00:07","","","","Rep Began","3"
"00:07","","","","Max Knee Flexion","3"
"00:07","","","","Max Knee Extension","3"
"00:08","","","","Rep Ended","3"
