Timestamp,Velocity (m/s),Acceleration (m/s²),Stride Length (m),Cadence (steps/min),Phase Label,Rep Count
"00:01","","","","","Selected left Leg","1"
"00:01","","","","","Run Started","1"
"00:01","","","","","Sprinting","1"
"00:02","","","","","Direction Changed","1"
"00:02","","","","","Sprint Ended","1"
"00:03","","","","","Selected right Leg","1"
"00:03","","","","","Run Started","2"
"00:03","","","","","Sprinting","2"
"00:03","","","","","Direction Changed","2"
"00:04","","","","","Sprint Ended","2"
