Timestamp,Knee Angle Left (°),Knee Angle Right (°),Hip Angle (°),Phase Label,Rep Count
"00:01","","","","Rep Began","1"
"00:01","","","","Selected left Leg","1"
"00:02","","","","Full Squat","1"
"00:02","","","","Selected right Leg","1"
"00:03","","","","Rep Began","1"
"00:03","","","","Full Squat","1"
"00:03","","","","Rep Ended","1"
"00:04","","","","Selected left Leg","1"
"00:04","","","","Rep Began","2"
"00:02","","","","Rep Ended","1"
"00:04","","","","Full Squat","2"
"00:04","","","","Rep Ended","2"
"00:05","","","","Selected right Leg","2"
"00:05","","","","Rep Began","4"
"00:05","","","","Full Squat","4"
"00:06","","","","Rep Ended","4"
"00:06","","","","Selected left Leg","5"
"00:07","","","","Rep Began","5"
"00:07","","","","Full Squat","5"
"00:07","","","","Rep Ended","5"
"00:07","","","","Selected right Leg","5"
"00:08","","","","Rep Began","6"
"00:08","","","","Full Squat","6"
"00:08","","","","Rep Ended","6"
